_id,Variable Name,Group or subgroup,Universe or description,Period,Source ACS Table,Calculation
1,NeighborhoodGroup,Area Name,na,na,na,na
2,GeographyType,"""Region"", ""Neighborhood"", or ""Neighborhood Group""",na,na,na,na
3,Var_2012_TotalPopulation,Total Population,Population,2012,B01001,B01001_001E
4,Var_2022_TotalPopulation,Total Population,Population,2022,B01001,B01001_001E
5,Var_Change_TotalPopulation,Total Population,Change between periods (number),na,B01001,B01001_001E - B01001_001E
6,Var_ChangePer_TotalPopulation,Total Population,Change between periods (percent),na,B01001,Var_Change_TotalPopulation/B01001_001E
7,Var_2012_Race_1,Black-alone population,Population,2012,B02001,B02001_002E
8,Var_2012_Race_2,White-alone population,Population,2012,B02001,B02001_003E
9,Var_2012_Race_3,Asian-alone population,Population,2012,B02001,B02001_005E
10,Var_2012_Race_4,All other single-race alone population,Population,2012,B02001,B02001_004E + B02001_006E + B02001_007E
11,Var_2012_Race_5,Two or more race population,Population,2012,B02001,B02001_008E
12,Var_2012_Race_Per_1,Black-alone population,Percent of total population,2012,B02001,Var_2012_Race_1/Var_2012_TotalPopulation
13,Var_2012_Race_Per_2,White-alone population,Percent of total population,2012,B02001,Var_2012_Race_2/Var_2012_TotalPopulation
14,Var_2012_Race_Per_3,Asian-alone population,Percent of total population,2012,B02001,Var_2012_Race_3/Var_2012_TotalPopulation
15,Var_2012_Race_Per_4,All other single-race alone population,Percent of total population,2012,B02001,Var_2012_Race_4/Var_2012_TotalPopulation
16,Var_2012_Race_Per_5,Two or more race population,Percent of total population,2012,B02001,Var_2012_Race_5/Var_2012_TotalPopulation
17,Var_2022_Race_1,Black-alone population,Population,2022,B02001,B02001_002E
18,Var_2022_Race_2,White-alone population,Population,2022,B02001,B02001_003E
19,Var_2022_Race_3,Asian-alone population,Population,2022,B02001,B02001_005E
20,Var_2022_Race_4,All other single-race alone population,Population,2022,B02001,B02001_004E + B02001_006E + B02001_007E
21,Var_2022_Race_5,Two or more race population,Population,2022,B02001,B02001_008E
22,Var_2022_Race_Per_1,Black-alone population,Percent of total population,2022,B02001,Var_2022_Race_1/Var_2022_TotalPopulation
23,Var_2022_Race_Per_2,White-alone population,Percent of total population,2022,B02001,Var_2022_Race_2/Var_2022_TotalPopulation
24,Var_2022_Race_Per_3,Asian-alone population,Percent of total population,2022,B02001,Var_2022_Race_3/Var_2022_TotalPopulation
25,Var_2022_Race_Per_4,All other single-race alone population,Percent of total population,2022,B02001,Var_2022_Race_4/Var_2022_TotalPopulation
26,Var_2022_Race_Per_5,Two or more race population,Percent of total population,2022,B02001,Var_2022_Race_5/Var_2022_TotalPopulation
27,Var_Change_Race_1,Black-alone population,Change between periods (number),na,B02001,Var_2022_Race_1  - Var_2012_Race_1
28,Var_Change_Race_2,White-alone population,Change between periods (number),na,B02001,Var_2022_Race_2  - Var_2012_Race_2
29,Var_Change_Race_3,Asian-alone population,Change between periods (number),na,B02001,Var_2022_Race_3  - Var_2012_Race_3
30,Var_Change_Race_4,All other single-race alone population,Change between periods (number),na,B02001,Var_2022_Race_4  - Var_2012_Race_4
31,Var_Change_Race_5,Two or more race population,Change between periods (number),na,B02001,Var_2022_Race_5  - Var_2012_Race_5
32,Var_ChangePer_Race_1,Black-alone population,Change between periods (percent),na,B02001,Var_Change_Race_1/Var_2012_Race_1
33,Var_ChangePer_Race_2,White-alone population,Change between periods (percent),na,B02001,Var_Change_Race_2/Var_2012_Race_2
34,Var_ChangePer_Race_3,Asian-alone population,Change between periods (percent),na,B02001,Var_Change_Race_3/Var_2012_Race_3
35,Var_ChangePer_Race_4,All other single-race alone population,Change between periods (percent),na,B02001,Var_Change_Race_4/Var_2012_Race_4
36,Var_ChangePer_Race_5,Two or more race population,Change between periods (percent),na,B02001,Var_Change_Race_5/Var_2012_Race_5
37,Var_2012_GroupQuarters,Total group quarters population,Population,2012,B26001,B26001_001E
38,Var_2012_GroupQuartersPer,Total group quarters population,Percent of total population,2012,B26001,Var_2012_B26001_001E/Var_2012_TotalPopulation
39,Var_2022_GroupQuarters,Total group quarters population,Population,2022,B26001,B26001_001E
40,Var_2022_GroupQuartersPer,Total group quarters population,Percent of total population,2022,B26001,B26001_001E/Var_2022_TotalPopulation
41,Var_Change_GroupQuarters,Total group quarters population,Change between periods (number),na,B26001,B26001_001E - B26001_001E
42,Var_ChangePer_GroupQuarters,Total group quarters population,Change between periods (percent),na,B26001,Var_Change_GroupQuarters/ Var_2012_GroupQuarters
43,Var_2012_Hispanic,Hispanic or Latino Population,Population,2012,B03003,B03003_003E
44,Var_2012_Hispanic_Per,Hispanic or Latino Population,Percent of total population,2012,B03003,B03003/Var_2012_TotalPopulation
45,Var_2022_Hispanic,Hispanic or Latino Population,Population,2022,B03003,B03003_003E
46,Var_2022_Hispanic_Per,Hispanic or Latino Population,Percent of total population,2022,B03003,B03003_003E/Var_2022_TotalPopulation
47,Var_Change_Hispanic,Hispanic or Latino Population,Change between periods (number),na,B03003,Var_2022_Hispanic -  Var_2012_Hispanic
48,Var_ChangePer_Hispanic,Hispanic or Latino Population,Change between periods (percent),na,B03003,Var_Change_Hispanic/Var_2012_Hispanic
49,Var_2012_Age_1,Under age 18,Population,2012,B01001,B01001_003E + B01001_004E + B01001_005E + B01001_006E + B01001_027E + B01001_028E + B01001_029E + B01001_030E
50,Var_2012_Age_2,Age 18-24,Population,2012,B01001,B01001_007E + B01001_008E + B01001_009E + B01001_010E + B01001_031E + B01001_032E + B01001_033E + B01001_034E
51,Var_2012_Age_3,Age 25-44,Population,2012,B01001,B01001_011E + B01001_012E + B01001_013E + B01001_014E + B01001_035E + B01001_036E + B01001_037E + B01001_038E
52,Var_2012_Age_4,Age 45-64,Population,2012,B01001,B01001_015E + B01001_016E + B01001_017E + B01001_018E + B01001_019E + B01001_039E + B01001_040E + B01001_041E + B01001_042E + B01001_043E
53,Var_2012_Age_5,Age 65 and over,Population,2012,B01001,B01001_044E + B01001_045E + B01001_046E + B01001_047E + B01001_048E + B01001_049E + B01001_020E + B01001_021E + B01001_022E + B01001_023E + B01001_024E + B01001_025E
54,Var_2012_Age_Per_1,Under age 18,Percent of total population,2012,B01001,Var_2012_Age_1/Var_2012_TotalPopulation
55,Var_2012_Age_Per_2,Age 18-24,Percent of total population,2012,B01001,Var_2012_Age_2/Var_2012_TotalPopulation
56,Var_2012_Age_Per_3,Age 25-44,Percent of total population,2012,B01001,Var_2012_Age_3/Var_2012_TotalPopulation
57,Var_2012_Age_Per_4,Age 45-64,Percent of total population,2012,B01001,Var_2012_Age_4/Var_2012_TotalPopulation
58,Var_2012_Age_Per_5,Age 65 and over,Percent of total population,2012,B01001,Var_2012_Age_5/Var_2012_TotalPopulation
59,Var_2022_Age_1,Under age 18,Population,2022,B01001,B01001_003E + B01001_004E + B01001_005E + B01001_006E + B01001_027E + B01001_028E + B01001_029E + B01001_030E
60,Var_2022_Age_2,Age 18-24,Population,2022,B01001,B01001_007E + B01001_008E + B01001_009E + B01001_010E + B01001_031E + B01001_032E + B01001_033E + B01001_034E
61,Var_2022_Age_3,Age 25-44,Population,2022,B01001,B01001_011E + B01001_012E + B01001_013E + B01001_014E + B01001_035E + B01001_036E + B01001_037E + B01001_038E
62,Var_2022_Age_4,Age 45-64,Population,2022,B01001,B01001_015E + B01001_016E + B01001_017E + B01001_018E + B01001_019E + B01001_039E + B01001_040E + B01001_041E + B01001_042E + B01001_043E
63,Var_2022_Age_5,Age 65 and over,Population,2022,B01001,B01001_044E + B01001_045E + B01001_046E + B01001_047E + B01001_048E + B01001_049E + B01001_020E + B01001_021E + B01001_022E + B01001_023E + B01001_024E + B01001_025E
64,Var_2022_Age_Per_1,Under age 18,Percent of total population,2022,B01001,Var_2022_Age_1/Var_2022_TotalPopulation
65,Var_2022_Age_Per_2,Age 18-24,Percent of total population,2022,B01001,Var_2022_Age_2/Var_2022_TotalPopulation
66,Var_2022_Age_Per_3,Age 25-44,Percent of total population,2022,B01001,Var_2022_Age_3/Var_2022_TotalPopulation
67,Var_2022_Age_Per_4,Age 45-64,Percent of total population,2022,B01001,Var_2022_Age_4/Var_2022_TotalPopulation
68,Var_2022_Age_Per_5,Age 65 and over,Percent of total population,2022,B01001,Var_2022_Age_5/Var_2022_TotalPopulation
69,Var_Change_Age_1,Under age 18,Change between periods (number),na,B01001,Var_2022_Age_1 - Var_2012_Age_1
70,Var_Change_Age_2,Age 18-24,Change between periods (number),na,B01001,Var_2022_Age_2 - Var_2012_Age_2
71,Var_Change_Age_3,Age 25-44,Change between periods (number),na,B01001,Var_2022_Age_3 - Var_2012_Age_3
72,Var_Change_Age_4,Age 45-64,Change between periods (number),na,B01001,Var_2022_Age_4 - Var_2012_Age_4
73,Var_Change_Age_5,Age 65 and over,Change between periods (number),na,B01001,Var_2022_Age_5 - Var_2012_Age_5
74,Var_ChangePer_Age_1,Under age 18,Change between periods (percent),na,B01001,Var_Change_Age_1/Var_2012_Age_1
75,Var_ChangePer_Age_2,Age 18-24,Change between periods (percent),na,B01001,Var_Change_Age_2/Var_2012_Age_2
76,Var_ChangePer_Age_3,Age 25-44,Change between periods (percent),na,B01001,Var_Change_Age_3/Var_2012_Age_3
77,Var_ChangePer_Age_4,Age 45-64,Change between periods (percent),na,B01001,Var_Change_Age_4/Var_2012_Age_4
78,Var_ChangePer_Age_5,Age 65 and over,Change between periods (percent),na,B01001,Var_Change_Age_5/Var_2012_Age_5
79,Var_2012_School_1,Total population 3 years and over,Population age 3 years and over,2012,B14001,B14001_001E
80,Var_2012_School_2,Enrolled in grades K-12,Population age 3 years and over,2012,B14001,B14001_003E + B14001_004E + B14001_005E + B14001_006E + B14001_007E
81,Var_2012_School_3,Enrolled as undergraduate or graduate student,Population age 3 years and over,2012,B14001,B14001_008E + B14001_009E
82,Var_2012_School_4,Enrolled as undergraduate,Population age 3 years and over,2012,B14001,B14001_008E
83,Var_2012_School_5,Enrolled as graduate student,Population age 3 years and over,2012,B14001,B14001_009E
84,Var_2012_School_Per_2,Enrolled in grades K-12,Percent of total population age 3 years and over,2012,B14001,Var_2012_School_2/Var_2012_School_1
85,Var_2012_School_Per_3,Enrolled as undergraduate or graduate student,Percent of total population age 3 years and over,2012,B14001,Var_2012_School_3/Var_2012_School_1
86,Var_2012_School_Per_4,Enrolled as undergraduate,Percent of total population age 3 years and over,2012,B14001,Var_2012_School_4/Var_2012_School_1
87,Var_2012_School_Per_5,Enrolled as graduate student,Percent of total population age 3 years and over,2012,B14001,Var_2012_School_5/Var_2012_School_1
88,Var_2022_School_1,Total population 3 years and over,Population age 3 years and over,2022,B14001,B14001_001E
89,Var_2022_School_2,Enrolled in grades K-12,Population age 3 years and over,2022,B14001,B14001_003E + B14001_004E + B14001_005E + Var_2012_B14001_006E + Var_2012_B14001_007E
90,Var_2022_School_3,Enrolled as undergraduate or graduate student,Population age 3 years and over,2022,B14001,B14001_008E + B14001_009E
91,Var_2022_School_4,Enrolled as undergraduate,Population age 3 years and over,2022,B14001,B14001_008E
92,Var_2022_School_5,Enrolled as graduate student,Population age 3 years and over,2022,B14001,B14001_009E
93,Var_2022_School_Per_2,Enrolled in grades K-12,Percent of total population age 3 years and over,2022,B14001,Var_2022_School_2/Var_2022_School_1
94,Var_2022_School_Per_3,Enrolled as undergraduate or graduate student,Percent of total population age 3 years and over,2022,B14001,Var_2022_School_3/Var_2022_School_1
95,Var_2022_School_Per_4,Enrolled as undergraduate,Percent of total population age 3 years and over,2022,B14001,Var_2022_School_4/Var_2022_School_1
96,Var_2022_School_Per_5,Enrolled as graduate student,Percent of total population age 3 years and over,2022,B14001,Var_2022_School_5/Var_2022_School_1
97,Var_Change_School_1,Total population 3 years and over,Change between periods (number),na,B14001,Var_2022_School_1  - Var_2012_School_1
98,Var_Change_School_2,Enrolled in grades K-12,Change between periods (number),na,B14001,Var_2022_School_2  - Var_2012_School_2
99,Var_Change_School_3,Enrolled as undergraduate or graduate student,Change between periods (number),na,B14001,Var_2022_School_3  - Var_2012_School_3
100,Var_Change_School_4,Enrolled as undergraduate,Change between periods (number),na,B14001,Var_2022_School_4  - Var_2012_School_4
101,Var_Change_School_5,Enrolled as graduate student,Change between periods (number),na,B14001,Var_2022_School_5  - Var_2012_School_5
102,Var_ChangePer_School_1,Total population 3 years and over,Change between periods (percent),na,B14001,Var_Change_School_1/Var_2012_School_1
103,Var_ChangePer_School_2,Enrolled in grades K-12,Change between periods (percent),na,B14001,Var_Change_School_2/Var_2012_School_2
104,Var_ChangePer_School_3,Enrolled as undergraduate or graduate student,Change between periods (percent),na,B14001,Var_Change_School_3/Var_2012_School_3
105,Var_ChangePer_School_4,Enrolled as undergraduate,Change between periods (percent),na,B14001,Var_Change_School_4/Var_2012_School_4
106,Var_ChangePer_School_5,Enrolled as graduate student,Change between periods (percent),na,B14001,Var_Change_School_5/Var_2012_School_5
107,Var_2012_foreign_1,Total foreign-born population,Foreign-born population,2012,B05005,B05005_004E + B05005_009E + B05005_014E + B05005_019E
108,Var_2012_foreign_Per_1,Total foreign-born population,Percent of total population,2012,B05005,Var_2012_foreign_1/Var_2012_TotalPopulation
109,Var_2022_foreign_1,Total foreign-born population,Foreign-born population,2022,B05005,B05005_004E + B05005_009E + B05005_014E + B05005_019E
110,Var_2022_foreign_Per_1,Total foreign-born population,Percent of total population,2022,B05005,Var_2022_foreign_1/Var_2022_TotalPopulation
111,Var_Change_foreign_1,Total foreign-born population,Change between periods (number),na,B05005,Var_2022_foreign_1 - Var_2012_foreign_1
112,Var_ChangePer_foreign_1,Total foreign-born population,Change between periods (percent),na,B05005,Var_Change_foreign_1/Var_2012_foreign_1
113,Var_2012_mobility_1,Total population 1 year and older,Population 1 year and older,2012,B07201,B07201_001E
114,Var_2012_mobility_2,Lived in different house one year ago,Population 1 year and older,2012,B07201,B07201_003E
115,Var_2012_mobility_3,Lived outside Pittsburgh MSA one year ago,Population 1 year and older,2012,B07201,B07201_007E + B07201_010E + B07201_013E + B07201_014E
116,Var_2012_mobility_4,Lived outside the United States one year ago,Population 1 year and older,2012,B07201,B07201_014E
117,Var_2012_mobility_Per_2,Lived in different house one year ago,Percent of total population 1 year and older,2012,B07201,Var_2012_mobility_2/Var_2012_mobility_1
118,Var_2012_mobility_Per_3,Lived outside Pittsburgh MSA one year ago,Percent of total population 1 year and older,2012,B07201,Var_2012_mobility_3/Var_2012_mobility_1
119,Var_2012_mobility_Per_4,Lived outside the United States one year ago,Percent of total population 1 year and older,2012,B07201,Var_2012_mobility_4/Var_2012_mobility_1
120,Var_2022_mobility_1,Total population 1 year and older,Population 1 year and older,2022,B07201,B07201_001E
121,Var_2022_mobility_2,Lived in different house one year ago,Population 1 year and older,2022,B07201,B07201_003E
122,Var_2022_mobility_3,Lived outside Pittsburgh MSA one year ago,Population 1 year and older,2022,B07201,B07201_007E + B07201_010E + B07201_013E + B07201_014E
123,Var_2022_mobility_4,Lived outside the United States one year ago,Population 1 year and older,2022,B07201,B07201_014E
124,Var_2022_mobility_Per_2,Lived in different house one year ago,Percent of total population 1 year and older,2022,B07201,Var_2022_mobility_2/Var_2022_mobility_1
125,Var_2022_mobility_Per_3,Lived outside Pittsburgh MSA one year ago,Percent of total population 1 year and older,2022,B07201,Var_2022_mobility_3/Var_2022_mobility_1
126,Var_2022_mobility_Per_4,Lived outside the United States one year ago,Percent of total population 1 year and older,2022,B07201,Var_2022_mobility_4/Var_2022_mobility_1
127,Var_Change_mobility_1,Total population 1 year and older,Change between periods (number),na,B07201,Var_2022_mobility_1 - Var_2012_mobility_1
128,Var_Change_mobility_2,Lived in different house one year ago,Change between periods (number),na,B07201,Var_2022_mobility_2 - Var_2012_mobility_2
129,Var_Change_mobility_3,Lived outside Pittsburgh MSA one year ago,Change between periods (number),na,B07201,Var_2022_mobility_3 - Var_2012_mobility_3
130,Var_Change_mobility_4,Lived outside the United States one year ago,Change between periods (number),na,B07201,Var_2022_mobility_4 - Var_2012_mobility_4
131,Var_ChangePer_mobility_1,Total population 1 year and older,Change between periods (percent),na,B07201,Var_Change_mobility_1/Var_2012_mobility_1
132,Var_ChangePer_mobility_2,Lived in different house one year ago,Change between periods (percent),na,B07201,Var_Change_mobility_2/Var_2012_mobility_2
133,Var_ChangePer_mobility_3,Lived outside Pittsburgh MSA one year ago,Change between periods (percent),na,B07201,Var_Change_mobility_3/Var_2012_mobility_3
134,Var_ChangePer_mobility_4,Lived outside the United States one year ago,Change between periods (percent),na,B07201,Var_Change_mobility_4/Var_2012_mobility_4
135,Var_2012_hhtype_1,Total Households,Households,2012,B11001,B11001_001E
136,Var_2012_hhtype_2,Families,Households,2012,B11001,B11001_002E
137,Var_2012_hhtype_3,Married-couple Families,Households,2012,B11001,B11001_003E
138,Var_2012_hhtype_4,Other Families,Households,2012,B11001,B11001_004E
139,Var_2012_hhtype_5,"Male householder, no spouse present",Households,2012,B11001,B11001_005E
140,Var_2012_hhtype_6,"Female householder, no spouse present",Households,2012,B11001,B11001_006E
141,Var_2012_hhtype_7,Nonfamily households,Households,2012,B11001,B11001_007E
142,Var_2012_hhtype_8,Householder living alone,Households,2012,B11001,B11001_008E
143,Var_2012_hhtype_9,Householder not living alone,Households,2012,B11001,B11001_009E
144,Var_2012_hhtype_Per_2,Families,Percent of Total Households,2012,B11001,Var_2012_B11001_002E/Var_2012_B11001_001E
145,Var_2012_hhtype_Per_3,Married-couple Families,Percent of Total Households,2012,B11001,Var_2012_B11001_003E/Var_2012_B11001_001E
146,Var_2012_hhtype_Per_4,Other Families,Percent of Total Households,2012,B11001,Var_2012_B11001_004E/Var_2012_B11001_001E
147,Var_2012_hhtype_Per_5,"Male householder, no spouse present",Percent of Total Households,2012,B11001,Var_2012_B11001_005E/Var_2012_B11001_001E
148,Var_2012_hhtype_Per_6,"Female householder, no spouse present",Percent of Total Households,2012,B11001,Var_2012_B11001_006E/Var_2012_B11001_001E
149,Var_2012_hhtype_Per_7,Nonfamily households,Percent of Total Households,2012,B11001,Var_2012_B11001_007E/Var_2012_B11001_001E
150,Var_2012_hhtype_Per_8,Householder living alone,Percent of Total Households,2012,B11001,Var_2012_B11001_008E/Var_2012_B11001_001E
151,Var_2012_hhtype_Per_9,Householder not living alone,Percent of Total Households,2012,B11001,Var_2012_B11001_009E/Var_2012_B11001_001E
152,Var_2022_hhtype_1,Total Households,Households,2022,B11001,B11001_001E
153,Var_2022_hhtype_2,Families,Households,2022,B11001,B11001_002E
154,Var_2022_hhtype_3,Married-couple Families,Households,2022,B11001,B11001_003E
155,Var_2022_hhtype_4,Other Families,Households,2022,B11001,B11001_004E
156,Var_2022_hhtype_5,"Male householder, no spouse present",Households,2022,B11001,B11001_005E
157,Var_2022_hhtype_6,"Female householder, no spouse present",Households,2022,B11001,B11001_006E
158,Var_2022_hhtype_7,Nonfamily households,Households,2022,B11001,B11001_007E
159,Var_2022_hhtype_8,Householder living alone,Households,2022,B11001,B11001_008E
160,Var_2022_hhtype_9,Householder not living alone,Households,2022,B11001,B11001_009E
161,Var_2022_hhtype_Per_2,Families,Percent of Total Households,2022,B11001,Var_2022_B11001_002E/Var_2022_B11001_001E
162,Var_2022_hhtype_Per_3,Married-couple Families,Percent of Total Households,2022,B11001,Var_2022_B11001_003E/Var_2022_B11001_001E
163,Var_2022_hhtype_Per_4,Other Families,Percent of Total Households,2022,B11001,Var_2022_B11001_004E/Var_2022_B11001_001E
164,Var_2022_hhtype_Per_5,"Male householder, no spouse present",Percent of Total Households,2022,B11001,Var_2022_B11001_005E/Var_2022_B11001_001E
165,Var_2022_hhtype_Per_6,"Female householder, no spouse present",Percent of Total Households,2022,B11001,Var_2022_B11001_006E/Var_2022_B11001_001E
166,Var_2022_hhtype_Per_7,Nonfamily households,Percent of Total Households,2022,B11001,Var_2022_B11001_007E/Var_2022_B11001_001E
167,Var_2022_hhtype_Per_8,Householder living alone,Percent of Total Households,2022,B11001,Var_2022_B11001_008E/Var_2022_B11001_001E
168,Var_2022_hhtype_Per_9,Householder not living alone,Percent of Total Households,2022,B11001,Var_2022_B11001_009E/Var_2022_B11001_001E
169,Var_Change_hhtype_1,Total Households,Change between periods (number),na,B11001,Var_2022_hhtype_1 - Var_2012_hhtype_1
170,Var_Change_hhtype_2,Families,Change between periods (number),na,B11001,Var_2022_hhtype_2 - Var_2012_hhtype_2
171,Var_Change_hhtype_3,Married-couple Families,Change between periods (number),na,B11001,Var_2022_hhtype_3 - Var_2012_hhtype_3
172,Var_Change_hhtype_4,Other Families,Change between periods (number),na,B11001,Var_2022_hhtype_4 - Var_2012_hhtype_4
173,Var_Change_hhtype_5,"Male householder, no spouse present",Change between periods (number),na,B11001,Var_2022_hhtype_5 - Var_2012_hhtype_5
174,Var_Change_hhtype_6,"Female householder, no spouse present",Change between periods (number),na,B11001,Var_2022_hhtype_6 - Var_2012_hhtype_6
175,Var_Change_hhtype_7,Nonfamily households,Change between periods (number),na,B11001,Var_2022_hhtype_7 - Var_2012_hhtype_7
176,Var_Change_hhtype_8,Householder living alone,Change between periods (number),na,B11001,Var_2022_hhtype_8 - Var_2012_hhtype_8
177,Var_Change_hhtype_9,Householder not living alone,Change between periods (number),na,B11001,Var_2022_hhtype_9 - Var_2012_hhtype_9
178,Var_ChangePer_hhtype_1,Total Households,Change between periods (percent),na,B11001,Var_Change_hhtype_1/Var_2012_hhtype_1
179,Var_ChangePer_hhtype_2,Families,Change between periods (percent),na,B11001,Var_Change_hhtype_2/Var_2012_hhtype_2
180,Var_ChangePer_hhtype_3,Married-couple Families,Change between periods (percent),na,B11001,Var_Change_hhtype_3/Var_2012_hhtype_3
181,Var_ChangePer_hhtype_4,Other Families,Change between periods (percent),na,B11001,Var_Change_hhtype_4/Var_2012_hhtype_4
182,Var_ChangePer_hhtype_5,"Male householder, no spouse present",Change between periods (percent),na,B11001,Var_Change_hhtype_5/Var_2012_hhtype_5
183,Var_ChangePer_hhtype_6,"Female householder, no spouse present",Change between periods (percent),na,B11001,Var_Change_hhtype_6/Var_2012_hhtype_6
184,Var_ChangePer_hhtype_7,Nonfamily households,Change between periods (percent),na,B11001,Var_Change_hhtype_7/Var_2012_hhtype_7
185,Var_ChangePer_hhtype_8,Householder living alone,Change between periods (percent),na,B11001,Var_Change_hhtype_8/Var_2012_hhtype_8
186,Var_ChangePer_hhtype_9,Householder not living alone,Change between periods (percent),na,B11001,Var_Change_hhtype_9/Var_2012_hhtype_9
187,Var_2012_vacancy_1,Total Housing Units,Housing Units,2012,B25002,B25002_001E
188,Var_2012_vacancy_2,Occupied,Housing Units,2012,B25002,B25002_002E
189,Var_2012_vacancy_3,Vacant,Housing Units,2012,B25002,B25002_003E
190,Var_2012_vacancy_Per_2,Occupied,Percent of total housing units,2012,B25002,B25002_002E/B25002_001E
191,Var_2012_vacancy_Per_3,Vacant,Percent of total housing units,2012,B25002,B25002_003E/B25002_001E
192,Var_2022_vacancy_1,Total Housing Units,Housing Units,2022,B25002,B25002_001E
193,Var_2022_vacancy_2,Occupied,Housing Units,2022,B25002,B25002_002E
194,Var_2022_vacancy_3,Vacant,Housing Units,2022,B25002,B25002_003E
195,Var_2022_vacancy_Per_2,Occupied,Percent of total housing units,2022,B25002,B25002_002E/B25002_001E
196,Var_2022_vacancy_Per_3,Vacant,Percent of total housing units,2022,B25002,B25002_003E/B25002_001E
197,Var_vacancy_Change_1,Total Housing Units,Change between periods (number),na,B25002,B25002_001E - B25002_001E
198,Var_vacancy_Change_2,Occupied,Change between periods (number),na,B25002,B25002_002E - B25002_002E
199,Var_vacancy_Change_3,Vacant,Change between periods (number),na,B25002,B25002_003E - B25002_003E
200,Var_vacancy_ChangePer_1,Total Housing Units,Change between periods (percent),na,B25002,Var_vacancy_Change_1/Var_2012_vacancy_1
201,Var_vacancy_ChangePer_2,Occupied,Change between periods (percent),na,B25002,Var_vacancy_Change_2/Var_2012_vacancy_2
202,Var_vacancy_ChangePer_3,Vacant,Change between periods (percent),na,B25002,Var_vacancy_Change_3/Var_2012_vacancy_3
203,Var_2012_tenure_1,Total Occupied Housing Units,Total Occupied Housing Units,2012,B25003,B25003_001E
204,Var_2012_tenure_2,Owner-Occupied,Total Occupied Housing Units,2012,B25003,B25003_002E
205,Var_2012_tenure_3,Renter-Occupied,Total Occupied Housing Units,2012,B25003,B25003_003E
206,Var_2012_tenure_Per_2,Owner-Occupied,Percent of Total Occupied Housing Units,2012,B25003,Var_2012_tenure_2/Var_2012_tenure_1
207,Var_2012_tenure_Per_3,Renter-Occupied,Percent of Total Occupied Housing Units,2012,B25003,Var_2012_tenure_3/Var_2012_tenure_1
208,Var_2022_tenure_1,Total Occupied Housing Units,Total Occupied Housing Units,2022,B25003,B25003_001E
209,Var_2022_tenure_2,Owner-Occupied,Total Occupied Housing Units,2022,B25003,B25003_002E
210,Var_2022_tenure_3,Renter-Occupied,Total Occupied Housing Units,2022,B25003,B25003_003E
211,Var_2022_tenure_Per_2,Owner-Occupied,Percent of Total Occupied Housing Units,2022,B25003,Var_2022_tenure_2/Var_2022_tenure_1
212,Var_2022_tenure_Per_3,Renter-Occupied,Percent of Total Occupied Housing Units,2022,B25003,Var_2022_tenure_3/Var_2022_tenure_1
213,Var_tenure_Change_1,Total Occupied Housing Units,Change between periods (number),na,B25003,Var_2022_tenure_1 - Var_2012_tenure_1
214,Var_tenure_Change_2,Owner-Occupied,Change between periods (number),na,B25003,Var_2022_tenure_2 - Var_2012_tenure_2
215,Var_tenure_Change_3,Renter-Occupied,Change between periods (number),na,B25003,Var_2022_tenure_3 - Var_2012_tenure_3
216,Var_tenure_ChangePer_1,Total Occupied Housing Units,Change between periods (percent),na,B25003,Var_tenure_Change_1/Var_2012_tenure_1
217,Var_tenure_ChangePer_2,Owner-Occupied,Change between periods (percent),na,B25003,Var_tenure_Change_2/Var_2012_tenure_2
218,Var_tenure_ChangePer_3,Renter-Occupied,Change between periods (percent),na,B25003,Var_tenure_Change_3/Var_2012_tenure_3
219,Var_2012_LF_1,Total Population Age 16 and over,Population Age 16 and over,2012,B23025,B23025_001E
220,Var_2012_LF_2,In Labor Force,Population Age 16 and over,2012,B23025,B23025_002E
221,Var_2012_LF_3,Civilian Labor Force,Population Age 16 and over,2012,B23025,B23025_003E
222,Var_2012_LF_4,Employed,Population Age 16 and over,2012,B23025,B23025_004E
223,Var_2012_LF_5,Unemployed,Population Age 16 and over,2012,B23025,B23025_005E
224,Var_2012_LF_6,Armed Forces,Population Age 16 and over,2012,B23025,B23025_006E
225,Var_2012_LF_7,Not in Labor Force,Population Age 16 and over,2012,B23025,B23025_007E
226,Var_2012_LF_Per_2,In Labor Force,Percent of total population age 16 and over,2012,B23025,Var_2012_LF_2/Var_2012_LF_1
227,Var_2012_LF_Per_3,Civilian Labor Force,Percent of total population age 16 and over,2012,B23025,Var_2012_LF_3/Var_2012_LF_1
228,Var_2012_LF_Per_4,Employed,Percent of total population age 16 and over,2012,B23025,Var_2012_LF_4/Var_2012_LF_1
229,Var_2012_LF_Per_5,Unemployed,Percent of total population age 16 and over,2012,B23025,Var_2012_LF_5/Var_2012_LF_1
230,Var_2012_LF_Per_6,Armed Forces,Percent of total population age 16 and over,2012,B23025,Var_2012_LF_6/Var_2012_LF_1
231,Var_2012_LF_Per_7,Not in Labor Force,Percent of total population age 16 and over,2012,B23025,Var_2012_LF_7/Var_2012_LF_1
232,Var_2022_LF_1,Total Population Age 16 and over,Population Age 16 and over,2022,B23025,B23025_001E
233,Var_2022_LF_2,In Labor Force,Population Age 16 and over,2022,B23025,B23025_002E
234,Var_2022_LF_3,Civilian Labor Force,Population Age 16 and over,2022,B23025,B23025_003E
235,Var_2022_LF_4,Employed,Population Age 16 and over,2022,B23025,B23025_004E
236,Var_2022_LF_5,Unemployed,Population Age 16 and over,2022,B23025,B23025_005E
237,Var_2022_LF_6,Armed Forces,Population Age 16 and over,2022,B23025,B23025_006E
238,Var_2022_LF_7,Not in Labor Force,Population Age 16 and over,2022,B23025,B23025_007E
239,Var_2022_LF_Per_2,In Labor Force,Percent of  total population Age 16 and over,2022,B23025,Var_2022_LF_2/Var_2022_LF_1
240,Var_2022_LF_Per_3,Civilian Labor Force,Percent of  total population Age 16 and over,2022,B23025,Var_2022_LF_3/Var_2022_LF_1
241,Var_2022_LF_Per_4,Employed,Percent of  total population Age 16 and over,2022,B23025,Var_2022_LF_4/Var_2022_LF_1
242,Var_2022_LF_Per_5,Unemployed,Percent of  total population Age 16 and over,2022,B23025,Var_2022_LF_5/Var_2022_LF_1
243,Var_2022_LF_Per_6,Armed Forces,Percent of  total population Age 16 and over,2022,B23025,Var_2022_LF_6/Var_2022_LF_1
244,Var_2022_LF_Per_7,Not in Labor Force,Percent of  total population Age 16 and over,2022,B23025,Var_2022_LF_7/Var_2022_LF_1
245,Var_LF_Change_1,Total Population Age 16 and over,Change between periods (number),na,B23025,Var_2022_LF_1 - Var_2012_LF_1
246,Var_LF_Change_2,In Labor Force,Change between periods (number),na,B23025,Var_2022_LF_2 - Var_2012_LF_2
247,Var_LF_Change_3,Civilian Labor Force,Change between periods (number),na,B23025,Var_2022_LF_3 - Var_2012_LF_3
248,Var_LF_Change_4,Employed,Change between periods (number),na,B23025,Var_2022_LF_4 - Var_2012_LF_4
249,Var_LF_Change_5,Unemployed,Change between periods (number),na,B23025,Var_2022_LF_5 - Var_2012_LF_5
250,Var_LF_Change_6,Armed Forces,Change between periods (number),na,B23025,Var_2022_LF_6 - Var_2012_LF_6
251,Var_LF_Change_7,Not in Labor Force,Change between periods (number),na,B23025,Var_2022_LF_7 - Var_2012_LF_7
252,Var_LF_ChangePer_1,Total Population Age 16 and over,Change between periods (percent),na,B23025,Var_LF_Change_1/Var_2012_LF_1
253,Var_LF_ChangePer_2,In Labor Force,Change between periods (percent),na,B23025,Var_LF_Change_2/Var_2012_LF_2
254,Var_LF_ChangePer_3,Civilian Labor Force,Change between periods (percent),na,B23025,Var_LF_Change_3/Var_2012_LF_3
255,Var_LF_ChangePer_4,Employed,Change between periods (percent),na,B23025,Var_LF_Change_4/Var_2012_LF_4
256,Var_LF_ChangePer_5,Unemployed,Change between periods (percent),na,B23025,Var_LF_Change_5/Var_2012_LF_5
257,Var_LF_ChangePer_6,Armed Forces,Change between periods (percent),na,B23025,Var_LF_Change_6/Var_2012_LF_6
258,Var_LF_ChangePer_7,Not in Labor Force,Change between periods (percent),na,B23025,Var_LF_Change_7/Var_2012_LF_7
259,Var_2012_poverty_1,Total Population for whom poverty is determined,Population for whom poverty is determined,2012,C17002,C17002_001E
260,Var_2012_poverty_2,Under 50% of poverty threshold,Population for whom poverty is determined,2012,C17002,C17002_002E
261,Var_2012_poverty_3,Under 100% of poverty threshold,Population for whom poverty is determined,2012,C17002,C17002_002E + C17002_003E
262,Var_2012_poverty_Per_2,Under 50% of poverty threshold,Percent of total population for whom poverty is determined,2012,C17002,Var_2012_poverty_2/Var_2012_poverty_1
263,Var_2012_poverty_Per_3,Under 100% of poverty threshold,Percent of total population for whom poverty is determined,2012,C17002,Var_2012_poverty_3/Var_2012_poverty_1
264,Var_2022_poverty_1,Total Population for whom poverty is determined,Population for whom poverty is determined,2022,C17002,C17002_001E
265,Var_2022_poverty_2,Under 50% of poverty threshold,Population for whom poverty is determined,2022,C17002,C17002_002E
266,Var_2022_poverty_3,Under 100% of poverty threshold,Population for whom poverty is determined,2022,C17002,C17002_002E + C17002_003E
267,Var_2022_poverty_Per_2,Under 50% of poverty threshold,Percent of total population for whom poverty is determined,2022,C17002,Var_2022_poverty_2/Var_2022_poverty_1
268,Var_2022_poverty_Per_3,Under 100% of poverty threshold,Percent of total population for whom poverty is determined,2022,C17002,Var_2022_poverty_3/Var_2022_poverty_1
269,Var_poverty_Change_1,Total Population for whom poverty is determined,Change between periods (number),na,C17002,Var_2022_poverty_1 - Var_2012_poverty_1
270,Var_poverty_Change_2,Under 50% of poverty threshold,Change between periods (number),na,C17002,Var_2022_poverty_2 - Var_2012_poverty_2
271,Var_poverty_Change_3,Under 100% of poverty threshold,Change between periods (number),na,C17002,Var_2022_poverty_3 - Var_2012_poverty_3
272,Var_poverty_ChangePer_1,Total Population for whom poverty is determined,Change between periods (percent),na,C17002,Var_poverty_Change_1/Var_2012_poverty_1
273,Var_poverty_ChangePer_2,Under 50% of poverty threshold,Change between periods (percent),na,C17002,Var_poverty_Change_2/Var_2012_poverty_2
274,Var_poverty_ChangePer_3,Under 100% of poverty threshold,Change between periods (percent),na,C17002,Var_poverty_Change_3/Var_2012_poverty_3
275,Var_2012_educ_1,Total Population Age 25 and Over,Population Age 25 and Over,2012,B15003,B15003_001E
276,Var_2012_educ_2,Less than high school,Population Age 25 and Over,2012,B15003,B15003_002E + B15003_003E + B15003_004E + B15003_005E + B15003_006E + B15003_007E + B15003_008E + B15003_009E + B15003_010E + B15003_011E + B15003_012E + B15003_013E + B15003_014E + B15003_015E + B15003_016E
277,Var_2012_educ_3,High school graduate - includes GED,Population Age 25 and Over,2012,B15003,B15003_017E + B15003_018E
278,Var_2012_educ_4,Some college including associates degree,Population Age 25 and Over,2012,B15003,B15003_019E + B15003_020E + B15003_021E
279,Var_2012_educ_5,Bachelor’s degree or higher,Population Age 25 and Over,2012,B15003,B15003_022E + B15003_023E + B15003_024E + B15003_025E
280,Var_2012_educ_Per_2,Less than high school,Percent of total population Age 25 and Over,2012,B15003,Var_2012_educ_2/Var_2012_educ_1
281,Var_2012_educ_Per_3,High school graduate - includes GED,Percent of total population Age 25 and Over,2012,B15003,Var_2012_educ_3/Var_2012_educ_1
282,Var_2012_educ_Per_4,Some college including associates degree,Percent of total population Age 25 and Over,2012,B15003,Var_2012_educ_4/Var_2012_educ_1
283,Var_2012_educ_Per_5,Bachelor’s degree or higher,Percent of total population Age 25 and Over,2012,B15003,Var_2012_educ_5/Var_2012_educ_1
284,Var_2022_educ_1,Total Population Age 25 and Over,Population Age 25 and Over,2022,B15003,B15003_001E
285,Var_2022_educ_2,Less than high school,Population Age 25 and Over,2022,B15003,B15003_002E + B15003_003E + B15003_004E + B15003_005E + B15003_006E + B15003_007E + B15003_008E + B15003_009E + B15003_010E + B15003_011E + B15003_012E + B15003_013E + B15003_014E + B15003_015E + B15003_016E
286,Var_2022_educ_3,High school graduate - includes GED,Population Age 25 and Over,2022,B15003,B15003_017E + B15003_018E
287,Var_2022_educ_4,Some college including associates degree,Population Age 25 and Over,2022,B15003,B15003_019E + B15003_020E + B15003_021E
288,Var_2022_educ_5,Bachelor’s degree or higher,Population Age 25 and Over,2022,B15003,B15003_022E + B15003_023E + B15003_024E + B15003_025E
289,Var_2022_educ_Per_2,Less than high school,Percent of total population Age 25 and Over,2022,B15003,Var_2022_educ_2/Var_2022_educ_1
290,Var_2022_educ_Per_3,High school graduate - includes GED,Percent of total population Age 25 and Over,2022,B15003,Var_2022_educ_3/Var_2022_educ_1
291,Var_2022_educ_Per_4,Some college including associates degree,Percent of total population Age 25 and Over,2022,B15003,Var_2022_educ_4/Var_2022_educ_1
292,Var_2022_educ_Per_5,Bachelor’s degree or higher,Percent of total population Age 25 and Over,2022,B15003,Var_2022_educ_5/Var_2022_educ_1
293,Var_educ_Change_1,Total Population Age 25 and Over,Change between periods (number),na,B15003,Var_2022_educ_1 - Var_2012_educ_1
294,Var_educ_Change_2,Less than high school,Change between periods (number),na,B15003,Var_2022_educ_2 - Var_2012_educ_2
295,Var_educ_Change_3,High school graduate - includes GED,Change between periods (number),na,B15003,Var_2022_educ_3 - Var_2012_educ_3
296,Var_educ_Change_4,Some college including associates degree,Change between periods (number),na,B15003,Var_2022_educ_4 - Var_2012_educ_4
297,Var_educ_Change_5,Bachelor’s degree or higher,Change between periods (number),na,B15003,Var_2022_educ_5 - Var_2012_educ_5
298,Var_educ_ChangePer_1,Total Population Age 25 and Over,Change between periods (percent),na,B15003,Var_educ_Change_1/Var_2012_educ_1
299,Var_educ_ChangePer_2,Less than high school,Change between periods (percent),na,B15003,Var_educ_Change_2/Var_2012_educ_2
300,Var_educ_ChangePer_3,High school graduate - includes GED,Change between periods (percent),na,B15003,Var_educ_Change_3/Var_2012_educ_3
301,Var_educ_ChangePer_4,Some college including associates degree,Change between periods (percent),na,B15003,Var_educ_Change_4/Var_2012_educ_4
302,Var_educ_ChangePer_5,Bachelor’s degree or higher,Change between periods (percent),na,B15003,Var_educ_Change_5/Var_2012_educ_5
303,Var_2012_commuting_1,Total workers age 16 and over,Workers age 16 and over,2012,B08301,B08301_001E
304,Var_2012_commuting_2,"Car, truck or van",Workers age 16 and over,2012,B08301,B08301_002E
305,Var_2012_commuting_3,Public Transportation,Workers age 16 and over,2012,B08301,B08301_010E
306,Var_2012_commuting_4,Bicycle,Workers age 16 and over,2012,B08301,B08301_018E
307,Var_2012_commuting_5,Walked,Workers age 16 and over,2012,B08301,B08301_019E
308,Var_2012_commuting_6,All other commuting modes,Workers age 16 and over,2012,B08301,B08301_016E + B08301_017E + B08301_020E
309,Var_2012_commuting_7,Worked at home,Workers age 16 and over,2012,B08301,B08301_021E
310,Var_2012_commuting_Per_2,"Car, truck or van",Percentage of total workers age 16 and over,2012,B08301,Var_2012_commuting_2/Var_2012_commuting_1
311,Var_2012_commuting_Per_3,Public Transportation,Percentage of total workers age 16 and over,2012,B08301,Var_2012_commuting_3/Var_2012_commuting_1
312,Var_2012_commuting_Per_4,Bicycle,Percentage of total workers age 16 and over,2012,B08301,Var_2012_commuting_4/Var_2012_commuting_1
313,Var_2012_commuting_Per_5,Walked,Percentage of total workers age 16 and over,2012,B08301,Var_2012_commuting_5/Var_2012_commuting_1
314,Var_2012_commuting_Per_6,All other commuting modes,Percentage of total workers age 16 and over,2012,B08301,Var_2012_commuting_6/Var_2012_commuting_1
315,Var_2012_commuting_Per_7,Worked at home,Percentage of total workers age 16 and over,2012,B08301,Var_2012_commuting_7/Var_2012_commuting_1
316,Var_2022_commuting_1,Total workers age 16 and over,Workers age 16 and over,2022,B08301,B08301_001E
317,Var_2022_commuting_2,"Car, truck or van",Workers age 16 and over,2022,B08301,B08301_002E
318,Var_2022_commuting_3,Public Transportation,Workers age 16 and over,2022,B08301,B08301_010E
319,Var_2022_commuting_4,Bicycle,Workers age 16 and over,2022,B08301,B08301_018E
320,Var_2022_commuting_5,Walked,Workers age 16 and over,2022,B08301,B08301_019E
321,Var_2022_commuting_6,All other commuting modes,Workers age 16 and over,2022,B08301,B08301_016E + B08301_017E + B08301_020E
322,Var_2022_commuting_7,Worked at home,Workers age 16 and over,2022,B08301,B08301_021E
323,Var_2022_commuting_Per_2,"Car, truck or van",Percentage of total workers age 16 and over,2022,B08301,Var_2022_commuting_2/Var_2022_commuting_1
324,Var_2022_commuting_Per_3,Public Transportation,Percentage of total workers age 16 and over,2022,B08301,Var_2022_commuting_3/Var_2022_commuting_1
325,Var_2022_commuting_Per_4,Bicycle,Percentage of total workers age 16 and over,2022,B08301,Var_2022_commuting_4/Var_2022_commuting_1
326,Var_2022_commuting_Per_5,Walked,Percentage of total workers age 16 and over,2022,B08301,Var_2022_commuting_5/Var_2022_commuting_1
327,Var_2022_commuting_Per_6,All other commuting modes,Percentage of total workers age 16 and over,2022,B08301,Var_2022_commuting_6/Var_2022_commuting_1
328,Var_2022_commuting_Per_7,Worked at home,Percentage of total workers age 16 and over,2022,B08301,Var_2022_commuting_7/Var_2022_commuting_1
329,Var_commuting_Change_1,Total workers age 16 and over,Change between periods (number),na,B08301,Var_2022_commuting_1 - Var_2012_commuting_1
330,Var_commuting_Change_2,"Car, truck or van",Change between periods (number),na,B08301,Var_2022_commuting_2 - Var_2012_commuting_2
331,Var_commuting_Change_3,Public Transportation,Change between periods (number),na,B08301,Var_2022_commuting_3 - Var_2012_commuting_3
332,Var_commuting_Change_4,Bicycle,Change between periods (number),na,B08301,Var_2022_commuting_4 - Var_2012_commuting_4
333,Var_commuting_Change_5,Walked,Change between periods (number),na,B08301,Var_2022_commuting_5 - Var_2012_commuting_5
334,Var_commuting_Change_6,All other commuting modes,Change between periods (number),na,B08301,Var_2022_commuting_6 - Var_2012_commuting_6
335,Var_commuting_Change_7,Worked at home,Change between periods (number),na,B08301,Var_2022_commuting_7 - Var_2012_commuting_7
336,Var_commuting_ChangePer_1,Total workers age 16 and over,Change between periods (percent),na,B08301,Var_commuting_Change_1/Var_2012_commuting_1
337,Var_commuting_ChangePer_2,"Car, truck or van",Change between periods (percent),na,B08301,Var_commuting_Change_2/Var_2012_commuting_2
338,Var_commuting_ChangePer_3,Public Transportation,Change between periods (percent),na,B08301,Var_commuting_Change_3/Var_2012_commuting_3
339,Var_commuting_ChangePer_4,Bicycle,Change between periods (percent),na,B08301,Var_commuting_Change_4/Var_2012_commuting_4
340,Var_commuting_ChangePer_5,Walked,Change between periods (percent),na,B08301,Var_commuting_Change_5/Var_2012_commuting_5
341,Var_commuting_ChangePer_6,All other commuting modes,Change between periods (percent),na,B08301,Var_commuting_Change_6/Var_2012_commuting_6
342,Var_commuting_ChangePer_7,Worked at home,Change between periods (percent),na,B08301,Var_commuting_Change_7/Var_2012_commuting_7
343,Var_2012_income_1,Total number of households,Households,2012,B19001,B19001_001E
344,Var_2012_income_2,"Households with income under $25,000",Households,2012,B19001,B19001_002E + B19001_003E + B19001_004E + B19001_005
345,Var_2012_income_3,"Households with income between $25,000 $49,999",Households,2012,B19001,B19001_006E + B19001_007E + B19001_008E + B19001_009E + B19001_010E
346,Var_2012_income_4,"Households with income between $50,000 $74,999",Households,2012,B19001,B19001_011E + B19001_012E
347,Var_2012_income_5,"Households with income between $75,000 $99,999",Households,2012,B19001,B19001_013E
348,Var_2012_income_6,"Households with income between $100,000 $199,999",Households,2012,B19001,B19001_014E + B19001_015E + B19001_016E
349,Var_2012_income_7,"Households with income $200,000 and over",Households,2012,B19001,B19001_017E
350,Var_2012_income_Per_2,"Households with income under $25,000",Percentage of households,2012,B19001,Var_2012_income_2/Var_2012_income_1
351,Var_2012_income_Per_3,"Households with income between $25,000 $49,999",Percentage of households,2012,B19001,Var_2012_income_3/Var_2012_income_1
352,Var_2012_income_Per_4,"Households with income between $50,000 $74,999",Percentage of households,2012,B19001,Var_2012_income_4/Var_2012_income_1
353,Var_2012_income_Per_5,"Households with income between $75,000 $99,999",Percentage of households,2012,B19001,Var_2012_income_5/Var_2012_income_1
354,Var_2012_income_Per_6,"Households with income between $100,000 $199,999",Percentage of households,2012,B19001,Var_2012_income_6/Var_2012_income_1
355,Var_2012_income_Per_7,"Households with income $200,000 and over",Percentage of households,2012,B19001,Var_2012_income_7/Var_2012_income_1
356,Var_2022_income_1,Total number of households,Households,2022,B19001,B19001_001E
357,Var_2022_income_2,"Households with income under $25,000",Households,2022,B19001,B19001_002E + B19001_003E + B19001_004E + B19001_005
358,Var_2022_income_3,"Households with income between $25,000 $49,999",Households,2022,B19001,B19001_006E + B19001_007E + B19001_008E + B19001_009E + B19001_010E
359,Var_2022_income_4,"Households with income between $50,000 $74,999",Households,2022,B19001,B19001_011E + B19001_012E
360,Var_2022_income_5,"Households with income between $75,000 $99,999",Households,2022,B19001,B19001_013E
361,Var_2022_income_6,"Households with income between $100,000 $199,999",Households,2022,B19001,B19001_014E + B19001_015E + B19001_016E
362,Var_2022_income_7,"Households with income $200,000 and over",Households,2022,B19001,B19001_017E
363,Var_2022_income_Per_2,"Households with income under $25,000",Percentage of households,2022,B19001,Var_2022_income_2/Var_2022_income_1
364,Var_2022_income_Per_3,"Households with income between $25,000 $49,999",Percentage of households,2022,B19001,Var_2022_income_3/Var_2022_income_1
365,Var_2022_income_Per_4,"Households with income between $50,000 $74,999",Percentage of households,2022,B19001,Var_2022_income_4/Var_2022_income_1
366,Var_2022_income_Per_5,"Households with income between $75,000 $99,999",Percentage of households,2022,B19001,Var_2022_income_5/Var_2022_income_1
367,Var_2022_income_Per_6,"Households with income between $100,000 $199,999",Percentage of households,2022,B19001,Var_2022_income_6/Var_2022_income_1
368,Var_2022_income_Per_7,"Households with income $200,000 and over",Percentage of households,2022,B19001,Var_2022_income_7/Var_2022_income_1
369,Var_income_Change_1,Total number of households,Change between periods (number),na,B19001,Var_2022_income_1 - Var_2012_income_1
370,Var_income_Change_2,"Households with income under $25,000",Change between periods (number),na,B19001,Var_2022_income_2 - Var_2012_income_2
371,Var_income_Change_3,"Households with income between $25,000 $49,999",Change between periods (number),na,B19001,Var_2022_income_3 - Var_2012_income_3
372,Var_income_Change_4,"Households with income between $50,000 $74,999",Change between periods (number),na,B19001,Var_2022_income_4 - Var_2012_income_4
373,Var_income_Change_5,"Households with income between $75,000 $99,999",Change between periods (number),na,B19001,Var_2022_income_5 - Var_2012_income_5
374,Var_income_Change_6,"Households with income between $100,000 $199,999",Change between periods (number),na,B19001,Var_2022_income_6 - Var_2012_income_6
375,Var_income_Change_7,"Households with income $200,000 and over",Change between periods (number),na,B19001,Var_2022_income_7 - Var_2012_income_7
376,Var_income_ChangePer_1,Total number of households,Change between periods (percent),na,B19001,Var_income_Change_1/Var_2012_income_1
377,Var_income_ChangePer_2,"Households with income under $25,000",Change between periods (percent),na,B19001,Var_income_Change_2/Var_2012_income_2
378,Var_income_ChangePer_3,"Households with income between $25,000 $49,999",Change between periods (percent),na,B19001,Var_income_Change_3/Var_2012_income_3
379,Var_income_ChangePer_4,"Households with income between $50,000 $74,999",Change between periods (percent),na,B19001,Var_income_Change_4/Var_2012_income_4
380,Var_income_ChangePer_5,"Households with income between $75,000 $99,999",Change between periods (percent),na,B19001,Var_income_Change_5/Var_2012_income_5
381,Var_income_ChangePer_6,"Households with income between $100,000 $199,999",Change between periods (percent),na,B19001,Var_income_Change_6/Var_2012_income_6
382,Var_income_ChangePer_7,"Households with income $200,000 and over",Change between periods (percent),na,B19001,Var_income_Change_7/Var_2012_income_7
383,Var_2012_vet_1,Total number of veterans,Veterans,2012,B21002,B21002_001E
384,Var_2012_vet_2,Gulf War (Sept 2001 and later),Veterans,2012,B21002,B21002_002E + B21002_003E + B21002_004E
385,Var_2012_vet_3,Gulf War (Aug 1990 to Aug 2001),Veterans,2012,B21002,B21002_005E + B21002_006E
386,Var_2012_vet_4,Vietnam Era,Veterans,2012,B21002,B21002_007E + B21002_008E + B21002_009E
387,Var_2012_vet_5,Korean War,Veterans,2012,B21002,B21002_010E + B21002_011E
388,Var_2012_vet_6,World War II,Veterans,2012,B21002,B21002_012E
389,Var_2012_vet_7,All other periods,Veterans,2012,B21002,B21002_013E + B21002_014E + B21002_015E + B21002_016E
390,Var_2012_vet_Per_2,Gulf War (Sept 2001 and later),Percentage of veterans,2012,B21002,Var_2012_vet_2/Var_2012_B21002_001E
391,Var_2012_vet_Per_3,Gulf War (Aug 1990 to Aug 2001),Percentage of veterans,2012,B21002,Var_2012_vet_3/Var_2012_B21002_001E
392,Var_2012_vet_Per_4,Vietnam Era,Percentage of veterans,2012,B21002,Var_2012_vet_4/Var_2012_B21002_001E
393,Var_2012_vet_Per_5,Korean War,Percentage of veterans,2012,B21002,Var_2012_vet_5/Var_2012_B21002_001E
394,Var_2012_vet_Per_6,World War II,Percentage of veterans,2012,B21002,Var_2012_vet_6/Var_2012_B21002_001E
395,Var_2012_vet_Per_7,All other periods,Percentage of veterans,2012,B21002,Var_2012_vet_7/Var_2012_B21002_001E
396,Var_2022_vet_1,Total number of veterans,Veterans,2022,B21002,B21002_001E
397,Var_2022_vet_2,Gulf War (Sept 2001 and later),Veterans,2022,B21002,B21002_002E + B21002_003E + B21002_004E
398,Var_2022_vet_3,Gulf War (Aug 1990 to Aug 2001),Veterans,2022,B21002,B21002_005E + B21002_006E
399,Var_2022_vet_4,Vietnam Era,Veterans,2022,B21002,B21002_007E + B21002_008E + B21002_009E
400,Var_2022_vet_5,Korean War,Veterans,2022,B21002,B21002_010E + B21002_011E
401,Var_2022_vet_6,World War II,Veterans,2022,B21002,B21002_012E
402,Var_2022_vet_7,All other periods,Veterans,2022,B21002,B21002_013E + B21002_014E + B21002_015E + B21002_016E
403,Var_2022_vet_Per_2,Gulf War (Sept 2001 and later),Percentage of veterans,2022,B21002,Var_2022_vet_2/Var_2022_B21002_001E
404,Var_2022_vet_Per_3,Gulf War (Aug 1990 to Aug 2001),Percentage of veterans,2022,B21002,Var_2022_vet_3/Var_2022_B21002_001E
405,Var_2022_vet_Per_4,Vietnam Era,Percentage of veterans,2022,B21002,Var_2022_vet_4/Var_2022_B21002_001E
406,Var_2022_vet_Per_5,Korean War,Percentage of veterans,2022,B21002,Var_2022_vet_5/Var_2022_B21002_001E
407,Var_2022_vet_Per_6,World War II,Percentage of veterans,2022,B21002,Var_2022_vet_6/Var_2022_B21002_001E
408,Var_2022_vet_Per_7,All other periods,Percentage of veterans,2022,B21002,Var_2022_vet_7/Var_2022_B21002_001E
409,Var_Change_vet_1,Total number of veterans,Change between periods (number),na,B21002,Var_2022_vet_1  - Var_2012_vet_1
410,Var_Change_vet_2,Gulf War (Sept 2001 and later),Change between periods (number),na,B21002,Var_2022_vet_2  - Var_2012_vet_2
411,Var_Change_vet_3,Gulf War (Aug 1990 to Aug 2001),Change between periods (number),na,B21002,Var_2022_vet_3  - Var_2012_vet_3
412,Var_Change_vet_4,Vietnam Era,Change between periods (number),na,B21002,Var_2022_vet_4  - Var_2012_vet_4
413,Var_Change_vet_5,Korean War,Change between periods (number),na,B21002,Var_2022_vet_5  - Var_2012_vet_5
414,Var_Change_vet_6,World War II,Change between periods (number),na,B21002,Var_2022_vet_6  - Var_2012_vet_6
415,Var_Change_vet_7,All other periods,Change between periods (number),na,B21002,Var_2022_vet_7  - Var_2012_vet_7
416,Var_ChangePer_vet_1,Total number of veterans,Change between periods (percent),na,B21002,Var_Change_vet_1/Var_2012_vet_1
417,Var_ChangePer_vet_2,Gulf War (Sept 2001 and later),Change between periods (percent),na,B21002,Var_Change_vet_2/Var_2012_vet_2
418,Var_ChangePer_vet_3,Gulf War (Aug 1990 to Aug 2001),Change between periods (percent),na,B21002,Var_Change_vet_3/Var_2012_vet_3
419,Var_ChangePer_vet_4,Vietnam Era,Change between periods (percent),na,B21002,Var_Change_vet_4/Var_2012_vet_4
420,Var_ChangePer_vet_5,Korean War,Change between periods (percent),na,B21002,Var_Change_vet_5/Var_2012_vet_5
421,Var_ChangePer_vet_6,World War II,Change between periods (percent),na,B21002,Var_Change_vet_6/Var_2012_vet_6
422,Var_ChangePer_vet_7,All other periods,Change between periods (percent),na,B21002,Var_Change_vet_7/Var_2012_vet_7
